,missing_pct_overall,missing_pct_siteA,missing_pct_siteB,patients_ever_measured_pct
Bilirubin_direct,99.8,99.9,99.8,5.1
Fibrinogen,99.3,99.2,99.4,11.2
TroponinI,99.0,99.9,98.2,17.5
Bilirubin_total,98.5,98.8,98.2,35.3
Alkalinephos,98.4,98.5,98.2,35.1
AST,98.4,98.5,98.2,35.6
Lactate,97.3,96.6,98.1,31.0
PTT,97.1,95.2,99.0,50.2
SaO2,96.5,95.0,98.1,32.4
EtCO2,96.3,100.0,92.4,8.0
Phosphate,96.0,95.0,97.1,70.2
HCO3,95.8,91.9,99.8,50.1
Chloride,95.5,91.7,99.4,53.1
BaseExcess,94.6,89.6,99.8,32.7
PaCO2,94.4,91.2,97.8,45.5
Platelets,94.1,93.5,94.7,93.6
Calcium,94.1,95.0,93.2,86.8
Creatinine,93.9,93.4,94.5,94.9
Magnesium,93.7,92.2,95.2,87.8
WBC,93.6,92.5,94.7,93.5
pH,93.1,88.5,97.8,46.9
BUN,93.1,91.8,94.5,95.0
Hgb,92.6,91.2,94.1,93.9
FiO2,91.7,85.8,97.7,44.2
Hct,91.1,88.2,94.2,94.3
Potassium,90.7,89.1,92.3,95.4
Glucose,82.9,87.8,77.8,96.1
Temp,66.2,66.2,66.1,99.3
Unit1,39.4,48.9,29.6,61.3
Unit2,39.4,48.9,29.6,61.3
DBP,31.3,48.1,13.9,81.6
Resp,15.4,9.8,21.1,99.8
SBP,14.6,15.2,13.9,99.3
O2Sat,13.1,12.0,14.1,100.0
MAP,12.5,10.2,14.8,99.7
HR,9.9,7.7,12.1,100.0
Gender,0.0,0.0,0.0,100.0
Age,0.0,0.0,0.0,100.0
HospAdmTime,0.0,0.0,0.0,100.0
ICULOS,0.0,0.0,0.0,100.0
SepsisLabel,0.0,0.0,0.0,100.0
