patient_id,site,ICULOS,HR,O2Sat,Temp,SBP,MAP,DBP,Resp,BaseExcess,HCO3,FiO2,pH,PaCO2,SaO2,AST,BUN,Alkalinephos,Calcium,Chloride,Creatinine,Glucose,Lactate,Magnesium,Phosphate,Potassium,Bilirubin_total,Hct,Hgb,PTT,WBC,Platelets,Age,Gender,Unit1,Unit2,HospAdmTime,SepsisLabel
p000006,A,19,110.0,98.0,36.33,150.0,99.33,62.0,24.0,0.0,29.0,0.4,7.34,47.0,97.0,34.0,9.0,72.0,8.3,111.0,0.7,293.0,1.4,2.0,3.3,3.8,0.8,36.9,12.2,31.0,12.0,298.0,52.01,1,1.0,0.0,-0.03,0
p000007,A,45,103.0,96.5,37.67,108.0,77.0,62.0,17.0,-9.0,20.0,0.4,7.33,27.0,97.0,452.0,52.0,88.0,8.0,123.0,3.5,140.0,2.2,1.8,1.0,2.9,1.4,36.7,14.5,27.1,8.8,43.0,64.24,1,1.0,0.0,-0.05,0
p000011,A,35,89.0,100.0,37.17,141.0,85.0,57.0,17.0,1.0,25.0,0.4,7.43,37.0,97.0,34.0,9.0,72.0,8.4,110.0,0.7,137.0,1.0,2.5,2.2,3.5,0.8,32.2,11.2,24.9,10.6,184.0,65.79,1,0.0,1.0,-0.02,1
p000019,A,48,59.0,100.0,36.4,158.0,91.0,66.0,16.0,-11.0,19.0,0.4,7.2,39.0,97.0,34.0,90.0,72.0,8.3,96.0,8.8,91.0,0.9,1.9,3.3,5.7,0.8,31.9,10.5,36.8,2.1,62.0,46.42,1,0.0,1.0,-15.87,0
p000020,A,20,63.0,97.0,36.89,131.0,77.0,62.0,14.0,0.0,30.0,0.4,7.39,40.0,97.0,34.0,11.0,72.0,9.3,102.0,1.0,108.0,1.59,2.3,4.3,4.5,0.8,35.9,10.5,26.4,9.3,221.0,64.66,1,0.0,1.0,-0.02,0
p000029,A,48,90.0,99.0,36.72,131.0,78.0,76.0,20.0,0.0,23.0,0.4,7.39,40.0,97.0,34.0,9.0,72.0,8.8,106.0,0.6,109.0,1.59,2.0,2.0,3.5,0.8,28.8,9.6,25.8,13.2,364.0,47.01,0,0.0,1.0,-158.44,0
p000046,A,50,82.0,99.0,36.28,133.0,88.0,61.0,14.5,8.0,39.0,0.4,7.4,58.0,93.0,61.0,57.0,131.0,8.0,98.0,2.3,93.0,0.9,2.2,3.9,4.3,1.1,31.5,10.2,31.0,5.8,190.0,72.55,1,0.0,1.0,-97.71,0
p000060,A,10,86.0,97.0,37.67,125.0,77.0,58.0,22.0,-2.0,19.0,0.4,7.38,36.0,97.0,34.0,36.0,72.0,8.2,107.0,1.6,133.0,1.6,1.5,3.3,4.0,0.8,32.0,12.0,32.2,21.7,131.0,75.32,0,1.0,0.0,-0.02,0
p000064,A,29,86.0,100.0,37.33,116.0,74.0,52.0,21.0,-1.0,14.0,0.4,7.4,35.0,97.0,42.0,27.0,76.0,7.7,113.0,1.1,181.0,0.9,2.5,3.9,4.6,0.3,26.0,8.6,29.0,10.8,136.0,68.98,0,0.0,1.0,-0.01,1
p000073,A,23,100.0,96.0,37.0,138.0,104.67,62.0,24.0,0.0,24.0,0.4,7.39,40.0,97.0,34.0,15.0,72.0,8.3,106.0,0.8,182.0,1.59,2.0,3.3,4.1,0.8,48.2,10.5,32.0,10.3,347.0,42.6,1,0.0,1.0,-2.31,0
p000078,A,104,110.0,99.0,38.0,138.0,89.0,65.0,13.0,3.0,25.0,0.6,7.45,39.0,97.0,34.0,19.0,72.0,7.5,120.0,0.7,346.0,2.2,2.2,3.4,3.7,0.8,26.9,8.8,23.4,23.3,246.0,56.97,1,1.0,0.0,-136.75,1
p000079,A,42,111.0,93.0,38.28,121.0,96.0,81.0,22.0,0.0,26.0,0.02,7.41,38.0,97.0,22.0,10.0,45.0,7.1,106.0,0.6,139.0,0.8,2.0,3.2,4.6,1.5,29.1,9.1,31.0,24.1,423.0,41.17,1,0.0,1.0,-181.52,0
p000082,A,44,84.0,100.0,36.89,137.0,99.0,78.0,16.0,6.0,24.0,0.3,7.51,36.0,97.0,115.0,1.0,92.0,8.3,112.0,0.3,100.0,2.5,2.1,3.0,3.8,13.1,30.2,9.9,42.7,9.5,118.0,25.42,0,1.0,0.0,-0.04,0
p000083,A,52,69.0,95.0,36.56,116.0,61.33,43.0,17.0,-1.0,26.0,0.5,7.48,36.0,96.0,34.0,8.0,72.0,8.3,104.0,0.4,126.0,1.59,1.9,3.3,3.8,0.8,30.7,10.6,26.1,20.8,158.0,76.46,0,0.0,1.0,-114.92,0
p000087,A,46,77.0,94.0,36.44,86.0,65.0,52.0,17.0,7.0,30.0,0.5,7.45,47.0,96.0,34.0,15.0,72.0,8.3,106.0,0.8,144.0,2.1,1.8,3.3,4.2,0.8,22.1,7.2,24.8,13.6,194.0,48.85,1,0.0,1.0,-3.07,0
p000105,A,37,74.0,90.0,37.11,45.0,30.0,23.0,8.0,0.0,20.0,0.4,7.39,40.0,97.0,278.0,62.0,521.0,8.3,102.0,3.6,170.0,1.59,2.0,3.3,3.8,6.8,36.0,10.5,31.0,24.3,214.0,70.44,1,1.0,0.0,-290.75,0
p000108,A,51,96.0,92.0,36.56,100.0,68.0,50.0,22.0,0.0,27.0,0.4,7.42,38.0,98.0,34.0,12.0,72.0,7.8,109.0,0.4,116.0,1.0,2.1,3.1,3.9,0.8,25.7,8.6,37.2,12.1,175.0,88.9,0,0.0,1.0,-76.49,0
p000110,A,40,73.0,98.0,35.72,113.0,88.33,62.0,12.0,0.0,27.0,0.4,7.39,40.0,97.0,34.0,15.0,72.0,9.6,105.0,0.8,72.0,1.59,2.0,4.1,4.0,0.8,30.3,10.4,24.8,12.1,155.0,65.68,0,1.0,0.0,-116.45,0
p000117,A,48,58.0,95.0,36.33,148.0,82.0,62.0,19.0,0.0,28.0,0.4,7.39,40.0,97.0,34.0,14.0,72.0,8.2,111.0,0.6,139.0,1.59,1.8,3.0,3.7,0.8,24.0,8.5,27.2,5.1,221.0,78.6,0,1.0,0.0,-440.43,0
p000120,A,40,110.0,96.0,35.83,143.0,136.0,129.0,17.0,0.0,28.0,0.4,7.45,34.0,97.0,5603.0,10.0,118.0,8.1,110.0,0.6,109.0,0.9,1.7,1.8,3.8,4.6,37.4,13.6,33.7,6.8,132.0,24.29,0,0.0,1.0,-0.02,0
p000123,A,50,108.0,94.0,36.67,142.0,97.0,76.0,25.0,4.0,37.0,0.35,7.35,60.0,98.0,34.0,24.0,72.0,8.5,101.0,0.6,130.0,1.59,2.6,4.1,3.4,0.8,35.4,11.8,31.0,11.9,283.0,57.02,0,0.0,1.0,-0.03,0
p000132,A,56,69.0,99.0,37.0,118.0,81.0,48.0,13.0,-1.0,24.0,0.5,7.45,30.0,97.0,34.0,37.0,72.0,8.2,114.0,0.9,143.0,1.8,2.4,2.9,4.1,0.8,36.4,13.0,27.6,10.1,123.0,68.01,1,0.0,1.0,-0.02,0
p000149,A,25,85.0,98.0,35.22,133.0,70.0,55.0,20.0,1.0,28.0,0.5,7.33,57.0,98.0,60.0,67.0,192.0,8.1,99.0,6.6,84.0,1.59,2.3,6.1,5.5,0.6,33.0,10.5,31.0,10.3,380.0,69.14,1,0.0,1.0,-29.03,0
p000153,A,23,106.0,100.0,37.17,141.0,77.67,62.0,13.0,0.0,29.0,0.4,7.39,40.0,97.0,34.0,7.0,72.0,8.3,102.0,0.8,114.0,1.59,2.0,4.0,3.9,0.8,25.5,8.8,31.0,5.4,250.0,20.49,1,0.0,1.0,-852.03,0
p000158,A,40,76.0,92.0,36.83,142.0,64.0,47.0,19.0,1.0,28.0,0.43,7.41,33.0,98.0,34.0,10.0,72.0,8.3,102.0,0.9,138.0,1.4,2.1,2.6,4.0,0.8,26.5,8.9,31.0,12.6,195.0,77.43,1,0.0,1.0,-95.29,0
p000159,A,37,106.0,98.0,37.22,104.0,72.0,55.0,20.0,3.0,26.0,0.4,7.35,54.0,99.0,69.0,11.0,144.0,9.2,107.0,0.8,121.0,1.0,2.7,3.1,3.8,0.3,25.7,8.6,72.7,23.7,265.0,64.15,0,1.0,0.0,-0.02,0
p000161,A,23,89.0,99.0,37.78,118.0,90.0,73.0,20.0,0.0,24.0,0.4,7.45,32.0,97.0,18.0,29.0,51.0,8.3,116.0,3.0,139.0,1.59,1.9,2.4,3.8,0.6,19.5,6.9,31.0,13.2,92.0,30.79,0,0.0,1.0,-2.61,1
p000163,A,41,92.0,99.0,36.89,114.0,80.0,62.0,18.0,4.0,30.0,0.4,7.4,49.0,98.0,34.0,4.0,72.0,8.3,101.0,0.6,182.0,1.59,1.8,3.3,4.3,0.8,33.9,11.8,31.0,13.6,291.0,24.77,1,0.0,1.0,-112.4,0
p000170,A,52,99.0,96.0,37.28,119.0,67.67,47.0,16.0,-1.0,22.0,0.4,7.43,35.0,96.0,34.0,21.0,72.0,7.4,108.0,0.9,209.0,1.59,2.3,3.8,4.5,0.8,29.9,10.5,31.0,12.3,68.0,71.83,0,0.0,1.0,-51.4,0
p000173,A,24,49.0,100.0,37.06,118.0,67.33,62.0,19.0,0.0,18.0,0.4,7.39,40.0,97.0,34.0,29.0,72.0,8.3,100.0,1.3,88.0,1.59,2.4,3.3,4.9,0.8,30.5,8.5,31.0,5.9,120.0,79.58,0,0.0,1.0,-0.03,0
p000182,A,47,78.0,96.0,37.33,127.0,79.0,65.0,24.0,-5.0,24.0,0.4,7.4,36.0,66.0,34.0,20.0,72.0,8.3,105.0,1.1,111.0,1.59,2.2,2.5,4.2,0.8,26.2,8.8,28.3,9.7,148.0,67.77,1,0.0,1.0,-13.46,0
p000186,A,47,84.0,99.0,37.11,111.0,80.0,63.0,11.0,0.0,25.0,0.5,7.4,53.0,97.0,34.0,5.0,72.0,7.2,100.0,0.5,130.0,1.0,1.9,2.2,3.6,0.8,27.9,9.1,25.8,9.3,165.0,35.54,0,0.0,1.0,-0.03,0
p000195,A,31,81.0,97.0,37.0,147.0,89.67,62.0,26.0,0.0,23.0,0.4,7.39,40.0,97.0,34.0,11.0,72.0,8.3,104.0,0.9,108.0,1.59,2.0,3.3,4.0,0.8,30.7,10.4,40.3,8.7,273.0,50.29,0,0.0,1.0,0.0,0
p000197,A,42,77.0,99.0,37.28,125.0,94.0,75.0,21.0,2.0,26.0,0.5,7.41,44.0,97.0,34.0,6.0,72.0,7.9,108.0,0.6,104.0,0.8,2.0,2.5,3.6,0.8,27.5,10.0,23.9,13.8,118.0,22.94,1,0.0,1.0,-14.35,0
p000200,A,44,73.0,78.0,36.06,135.0,89.0,62.0,23.0,0.0,26.0,0.4,7.39,40.0,97.0,34.0,28.0,72.0,8.5,108.0,1.7,115.0,1.59,2.3,4.5,4.3,0.8,56.4,16.5,29.7,6.4,169.0,51.67,1,1.0,0.0,-0.02,0
p000203,A,82,94.0,97.0,37.17,131.0,80.0,72.0,18.0,12.0,38.0,1.0,7.51,46.0,69.0,1155.0,40.0,57.0,10.8,109.0,1.2,176.0,1.7,2.2,4.7,3.9,5.5,33.0,11.1,29.9,11.8,60.0,50.87,1,0.0,1.0,-94.49,1
p000209,A,44,91.0,93.0,36.11,122.0,70.67,62.0,23.0,0.0,28.0,0.4,7.39,40.0,97.0,30.0,4.0,100.0,8.5,104.0,0.5,141.0,1.59,1.6,3.2,3.6,6.6,26.9,8.7,38.2,2.8,74.0,48.07,1,1.0,0.0,-0.02,0
p000211,A,9,88.0,97.0,36.83,87.0,60.0,62.0,22.0,0.0,24.0,0.4,7.39,40.0,97.0,34.0,17.0,72.0,8.3,106.0,0.9,122.0,1.59,1.5,3.3,4.8,0.8,31.2,10.5,31.0,10.3,189.0,70.5,1,1.0,0.0,-67.75,1
p000212,A,43,67.0,97.0,37.33,129.0,75.0,58.0,14.0,2.0,25.0,0.5,7.43,50.0,80.0,34.0,19.0,72.0,8.7,107.0,0.9,147.0,1.59,2.0,4.5,4.3,0.8,32.4,11.4,31.0,13.8,138.0,68.11,0,0.0,1.0,-19.86,0
p000218,A,45,94.0,99.0,36.78,117.0,84.0,65.0,14.0,2.0,24.0,0.4,7.44,38.0,97.0,50.0,70.0,135.0,8.2,108.0,1.4,81.0,0.6,2.0,4.0,3.8,1.4,27.2,9.8,29.4,6.8,133.0,57.49,0,0.0,1.0,-460.98,0
p000220,A,54,109.0,99.0,37.6,106.0,82.0,65.0,16.0,-5.0,19.0,0.4,7.32,39.5,78.0,34.0,73.0,72.0,9.1,96.0,7.1,344.0,1.7,1.7,6.9,4.7,0.8,32.4,9.0,29.4,9.1,235.0,50.19,0,0.0,1.0,-33.7,0
p000227,A,38,58.0,100.0,35.8,116.0,69.0,48.0,14.0,-3.0,22.0,0.5,7.33,43.0,93.0,22.0,71.0,101.0,8.3,98.0,3.4,143.0,1.3,2.5,6.5,3.8,0.7,27.2,9.7,33.1,20.4,333.0,75.37,1,0.0,1.0,-33.11,0
p000229,A,27,82.0,96.0,37.67,130.0,90.0,62.0,27.0,0.0,26.0,0.4,7.39,40.0,97.0,34.0,7.0,72.0,8.1,104.0,0.6,130.0,1.59,2.0,2.7,3.8,0.8,40.5,14.3,29.0,9.8,93.0,44.03,1,0.0,1.0,-0.03,0
p000236,A,24,89.0,97.0,36.94,138.0,97.33,62.0,17.0,0.0,23.0,0.4,7.39,40.0,97.0,34.0,7.0,72.0,8.3,109.0,0.7,101.0,1.59,1.8,2.9,3.7,0.8,36.1,11.7,27.8,12.4,225.0,68.65,0,0.0,1.0,-0.03,0
p000237,A,31,65.0,88.0,36.72,123.0,78.0,62.0,16.0,0.0,27.0,0.4,7.39,40.0,97.0,34.0,18.0,72.0,8.5,96.0,1.2,242.0,1.59,1.9,4.4,4.1,0.8,33.2,11.1,28.0,8.2,216.0,69.03,0,0.0,1.0,-0.01,0
p000242,A,40,89.0,97.0,36.39,128.0,82.0,59.0,21.0,2.0,35.0,0.35,7.25,76.0,95.0,34.0,30.0,72.0,8.8,96.0,1.3,148.0,1.3,2.5,4.4,5.1,0.8,36.7,11.6,31.0,16.8,266.0,64.16,1,0.0,1.0,-25.42,0
p000243,A,46,51.0,99.0,37.33,112.0,71.0,51.0,11.0,1.0,26.0,0.4,7.37,46.0,97.0,34.0,12.0,72.0,8.2,106.0,0.8,94.0,1.59,2.1,3.0,3.9,0.8,26.9,9.2,25.3,10.6,236.0,67.06,1,0.0,1.0,-5.16,0
p000250,A,44,99.0,92.0,36.33,129.0,89.0,61.0,20.0,-1.0,23.0,0.5,7.49,26.0,97.0,34.0,31.0,72.0,8.0,107.0,2.3,175.0,1.9,1.8,3.6,4.2,0.8,28.3,10.4,23.9,10.2,206.0,45.17,1,0.0,1.0,-31.16,0
p000253,A,27,85.0,98.0,37.0,113.0,73.0,52.0,24.0,0.0,25.0,0.5,7.4,41.0,97.0,34.0,27.0,72.0,8.3,108.0,0.8,102.0,1.59,2.0,3.3,4.3,0.8,29.3,10.5,31.7,8.0,262.0,65.66,1,0.0,1.0,-40.51,0
p000255,A,29,68.0,98.0,36.67,115.0,54.0,54.0,19.0,0.0,23.0,0.5,7.4,37.0,96.0,34.0,15.0,72.0,8.3,108.0,1.1,110.0,1.5,2.2,3.3,4.5,0.8,31.2,11.5,31.0,9.1,117.0,67.02,1,0.0,1.0,-148.97,0
