,median_siteA,median_siteB,pct_diff
HR,83.0,83.0,0.0
O2Sat,98.0,98.0,0.0
Temp,36.89,36.8,0.2
SBP,120.0,123.0,2.5
MAP,77.5,84.0,8.0
DBP,62.0,64.0,3.2
Resp,18.0,18.0,0.0
BaseExcess,0.0,0.0,
HCO3,24.0,24.0,0.0
FiO2,0.4,0.4,0.0
pH,7.39,7.39,0.0
PaCO2,40.0,40.0,0.0
SaO2,97.0,97.0,0.0
AST,34.0,34.0,0.0
BUN,17.0,17.0,0.0
Alkalinephos,72.0,72.0,0.0
Calcium,8.3,8.3,0.0
Chloride,106.0,106.0,0.0
Creatinine,0.9,0.9,0.0
Glucose,122.0,122.0,0.0
Lactate,1.59,1.59,0.0
Magnesium,2.0,2.0,0.0
Phosphate,3.3,3.3,0.0
Potassium,4.0,4.0,0.0
Bilirubin_total,0.8,0.8,0.0
Hct,31.2,31.2,0.0
Hgb,10.5,10.5,0.0
PTT,31.0,31.0,0.0
WBC,10.3,10.3,0.0
Platelets,189.0,189.0,0.0
Age,65.25,63.0,3.5
Gender,1.0,1.0,0.0
Unit1,0.0,0.0,
Unit2,1.0,1.0,0.0
HospAdmTime,-2.6,-8.95,110.0
